{
  "project_info": {
    "project_number": "818254167658",
    "firebase_url": "https://syntaxyn-default-rtdb.firebaseio.com",
    "project_id": "syntaxyn",
    "storage_bucket": "syntaxyn.appspot.com"
  },
  "client": [
    {
      "client_info": {
        "mobilesdk_app_id": "1:818254167658:android:fadfd3568368b932ab9413",
        "android_client_info": {
          "package_name": "com.udinn.syntaxin"
        }
      },
      "oauth_client": [
        {
          "client_id": "818254167658-8v37gmgj80dq0aupscka5n8v6hr6rnlu.apps.googleusercontent.com",
          "client_type": 3
        }
      ],
      "api_key": [
        {
          "current_key": "AIzaSyBIl9Jq_bv5oEaipeecU2SoOXEfZskj_M4"
        }
      ],
      "services": {
        "appinvite_service": {
          "other_platform_oauth_client": [
            {
              "client_id": "818254167658-8v37gmgj80dq0aupscka5n8v6hr6rnlu.apps.googleusercontent.com",
              "client_type": 3
            }
          ]
        }
      }
    }
  ],
  "configuration_version": "1"
}